model,accuracy,precision,recall,f1_score
Logistic Regression,0.5466666666666666,0.5454545454545454,0.56,0.5526315789473685
Decision Tree,0.64,0.6567164179104478,0.5866666666666667,0.6197183098591549
Random Forest,0.65,0.6510067114093959,0.6466666666666666,0.6488294314381271
XGBoost,0.63,0.6326530612244898,0.62,0.6262626262626263
