model,accuracy,precision,recall,f1_score
Logistic Regression,0.8090177133655394,0.7824216349108789,0.841931216931217,0.8110863332271424
Decision Tree,0.8956521739130435,0.8502358490566038,0.9537037037037037,0.899002493765586
Random Forest,0.9191626409017714,0.8773189706762418,0.9695767195767195,0.921143575243481
XGBoost,0.9072463768115943,0.8612750885478159,0.96494708994709,0.9101684341859014
